Ticket ID,Priority,Support Team,Opened Date,Resolved Date,SLA Target Hours,Actual Resolution Hours,Breached SLA,Breach Reason,Incident Category,Business Service,Location,Channel,Customer Segment,Impact,Urgency,Opened Timestamp,Resolved Timestamp,SLA Variance Hours,Reassignment Count,Escalated,Major Incident,Resolution Code,Month,Week of Month,Day of Week
INC1149,P4,Application,2026-04-01,2026-04-03,72,38.4,No,N/A,Application Error,Customer Mobile App,Guadalajara,Chat,Retail Branches,Low,Medium,2026-04-01 12:35,2026-04-03 02:59,-33.6,0,No,No,Configuration corrected,April 2026,1,Wednesday
INC1153,P2,Service Desk,2026-04-01,2026-04-02,8,11.1,Yes,Incorrect assignment,Account Lockout,Access Requests,Guadalajara,Monitoring,Internal Operations,High,Medium,2026-04-01 13:20,2026-04-02 00:26,3.1,3,Yes,No,Routed to correct team,April 2026,1,Wednesday
INC1135,P2,Service Desk,2026-04-01,2026-04-02,8,10.6,Yes,Incorrect assignment,How-to Request,Access Requests,Mexico City,Self-Service Portal,Internal Operations,High,High,2026-04-01 14:40,2026-04-02 01:16,2.6,2,Yes,No,Routed to correct team,April 2026,1,Wednesday
INC1163,P2,Network,2026-04-01,2026-04-02,8,10.4,Yes,Capacity constraint,Packet Loss,Wi-Fi,Puebla,Email,Finance,Medium,Medium,2026-04-01 14:50,2026-04-02 01:14,2.4,2,Yes,No,Capacity increased,April 2026,1,Wednesday
INC1166,P2,Service Desk,2026-04-01,2026-04-02,8,3.4,No,N/A,How-to Request,Password Management,Toronto,Monitoring,Internal Operations,Medium,High,2026-04-01 22:40,2026-04-02 02:04,-4.6,0,Yes,No,User guidance provided,April 2026,1,Wednesday
INC1100,P1,Application,2026-04-02,2026-04-03,4,7.1,Yes,Knowledge gap,Application Error,ERP Platform,Puebla,Monitoring,Sales,High,High,2026-04-02 18:25,2026-04-03 01:31,3.1,1,Yes,Yes,Knowledge article created,April 2026,1,Thursday
INC1133,P1,Application,2026-04-03,2026-04-03,4,6.4,Yes,Delayed troubleshooting,Deployment Defect,CRM Portal,Monterrey,Monitoring,Internal Operations,High,High,2026-04-03 07:00,2026-04-03 13:24,2.4,1,Yes,Yes,Permanent fix applied,April 2026,1,Friday
INC1012,P3,Service Desk,2026-04-03,2026-04-03,24,13.3,No,N/A,How-to Request,Access Requests,Monterrey,Self-Service Portal,Executive Users,Low,Medium,2026-04-03 09:30,2026-04-03 22:48,-10.7,0,No,No,Service restored,April 2026,1,Friday
INC1032,P3,Service Desk,2026-04-03,2026-04-04,24,18.3,No,N/A,How-to Request,IT Service Portal,Mexico City,Email,Finance,Low,Low,2026-04-03 11:45,2026-04-04 06:03,-5.7,0,No,No,Configuration corrected,April 2026,1,Friday
INC1165,P3,Application,2026-04-03,2026-04-03,24,9.8,No,N/A,Integration Failure,Billing System,Guadalajara,Chat,Retail Branches,Medium,Low,2026-04-03 12:35,2026-04-03 22:23,-14.2,0,No,No,Service restored,April 2026,1,Friday
INC1105,P2,Service Desk,2026-04-03,2026-04-03,8,5.9,No,N/A,Access Issue,Knowledge Base,Mexico City,Phone,Retail Branches,High,High,2026-04-03 16:20,2026-04-03 22:14,-2.1,0,No,No,Service restored,April 2026,1,Friday
INC1094,P2,Service Desk,2026-04-04,2026-04-04,8,4.5,No,N/A,Password Reset,End User Support,Mexico City,Phone,Finance,High,High,2026-04-04 09:05,2026-04-04 13:35,-3.5,0,Yes,No,Configuration corrected,April 2026,1,Saturday
INC1056,P4,Workplace,2026-04-05,2026-04-07,72,38.7,No,N/A,Printer Issue,VDI,Mexico City,Email,Executive Users,Low,Low,2026-04-05 17:10,2026-04-07 07:52,-33.3,0,No,No,User guidance provided,April 2026,1,Sunday
INC1167,P1,Application,2026-04-05,2026-04-05,4,2.9,No,N/A,Integration Failure,CRM Portal,Puebla,Chat,Internal Operations,High,High,2026-04-05 19:50,2026-04-05 22:44,-1.1,0,Yes,Yes,Configuration corrected,April 2026,1,Sunday
INC1052,P2,Infrastructure,2026-04-06,2026-04-06,8,16.2,Yes,Backup window conflict,Storage Latency,Database Services,Puebla,Self-Service Portal,Retail Branches,High,High,2026-04-06 03:00,2026-04-06 19:12,8.2,3,Yes,No,Backup schedule adjusted,April 2026,1,Monday
INC1103,P4,Service Desk,2026-04-06,2026-04-08,72,52.6,No,N/A,Misrouted Ticket,Access Requests,Toronto,Email,Internal Operations,Low,Medium,2026-04-06 10:15,2026-04-08 14:51,-19.4,0,No,No,Permanent fix applied,April 2026,1,Monday
INC1140,P3,Application,2026-04-06,2026-04-07,24,28.0,Yes,High ticket volume,Application Error,ERP Platform,Guadalajara,Chat,Retail Branches,Low,Low,2026-04-06 11:15,2026-04-07 15:15,4.0,1,Yes,No,Queue cleared,April 2026,1,Monday
INC1086,P3,Application,2026-04-06,2026-04-07,24,34.9,Yes,Knowledge gap,Deployment Defect,Reporting Platform,Puebla,Chat,External Customers,Low,Low,2026-04-06 11:40,2026-04-07 22:34,10.9,1,Yes,No,Knowledge article created,April 2026,1,Monday
INC1131,P2,Workplace,2026-04-06,2026-04-06,8,4.4,No,N/A,Email/Collaboration,Printing Services,Puebla,Self-Service Portal,Finance,Medium,High,2026-04-06 11:40,2026-04-06 16:04,-3.6,1,No,No,Resolved through workaround,April 2026,1,Monday
INC1064,P3,Workplace,2026-04-06,2026-04-07,24,11.3,No,N/A,Device Issue,Printing Services,Guadalajara,Self-Service Portal,Sales,Low,Low,2026-04-06 14:05,2026-04-07 01:23,-12.7,0,No,No,Known error matched,April 2026,1,Monday
INC1021,P3,Application,2026-04-06,2026-04-06,24,7.1,No,N/A,Integration Failure,CRM Portal,Puebla,Email,Finance,Medium,Low,2026-04-06 15:05,2026-04-06 22:11,-16.9,0,No,No,Permanent fix applied,April 2026,1,Monday
INC1066,P4,Application,2026-04-06,2026-04-09,72,59.8,No,N/A,Performance Degradation,CRM Portal,Mexico City,Email,Finance,Low,Low,2026-04-06 15:35,2026-04-09 03:23,-12.2,0,No,No,Configuration corrected,April 2026,1,Monday
INC1128,P3,Network,2026-04-06,2026-04-08,24,31.7,Yes,Vendor dependency,DNS Issue,Firewall Connectivity,Monterrey,Email,Sales,Low,Medium,2026-04-06 17:10,2026-04-08 00:52,7.7,1,Yes,No,Vendor fix implemented,April 2026,1,Monday
INC1109,P2,Network,2026-04-07,2026-04-07,8,1.8,No,N/A,Packet Loss,Corporate LAN,Puebla,Monitoring,Retail Branches,High,Medium,2026-04-07 08:40,2026-04-07 10:28,-6.2,0,No,No,Service restored,April 2026,1,Tuesday
INC1174,P2,Network,2026-04-07,2026-04-07,8,2.1,No,N/A,VPN Failure,Wi-Fi,Remote,Monitoring,External Customers,Medium,High,2026-04-07 11:25,2026-04-07 13:31,-5.9,0,No,No,Configuration corrected,April 2026,1,Tuesday
INC1116,P3,Workplace,2026-04-07,2026-04-08,24,13.6,No,N/A,Endpoint Performance,Laptop/Desktop,Mexico City,Self-Service Portal,Finance,Medium,Low,2026-04-07 14:00,2026-04-08 03:36,-10.4,0,No,No,Service restored,April 2026,1,Tuesday
INC1162,P4,Network,2026-04-07,2026-04-09,72,43.0,No,N/A,Latency,Corporate LAN,Mexico City,Chat,Retail Branches,Low,Medium,2026-04-07 14:05,2026-04-09 09:05,-29.0,0,No,No,Service restored,April 2026,1,Tuesday
INC1045,P4,Network,2026-04-07,2026-04-08,72,29.1,No,N/A,Connectivity Issue,VPN,Guadalajara,Email,Internal Operations,Low,Low,2026-04-07 15:00,2026-04-08 20:06,-42.9,0,No,No,Resolved through workaround,April 2026,1,Tuesday
INC1150,P3,Network,2026-04-07,2026-04-09,24,36.9,Yes,Change-related issue,VPN Failure,Firewall Connectivity,Mexico City,Self-Service Portal,Internal Operations,Low,Medium,2026-04-07 15:45,2026-04-09 04:39,12.9,4,Yes,No,Rollback completed,April 2026,1,Tuesday
INC1132,P1,Service Desk,2026-04-07,2026-04-07,4,7.3,Yes,High ticket volume,Account Lockout,Access Requests,Toronto,Email,Internal Operations,High,High,2026-04-07 16:35,2026-04-07 23:53,3.3,3,Yes,Yes,Queue cleared,April 2026,1,Tuesday
INC1122,P2,Application,2026-04-07,2026-04-07,8,3.2,No,N/A,Data Issue,Customer Mobile App,Monterrey,Email,Executive Users,Medium,Medium,2026-04-07 19:20,2026-04-07 22:32,-4.8,1,Yes,No,Permanent fix applied,April 2026,1,Tuesday
INC1152,P4,Network,2026-04-08,2026-04-12,72,103.9,Yes,Change-related issue,VPN Failure,Firewall Connectivity,Mexico City,Phone,Executive Users,Low,Medium,2026-04-08 08:05,2026-04-12 15:59,31.9,3,Yes,No,Rollback completed,April 2026,2,Wednesday
INC1120,P3,Service Desk,2026-04-08,2026-04-08,24,11.8,No,N/A,Access Issue,IT Service Portal,Remote,Phone,Internal Operations,Low,Medium,2026-04-08 11:20,2026-04-08 23:08,-12.2,0,No,No,Configuration corrected,April 2026,2,Wednesday
INC1126,P4,Application,2026-04-08,2026-04-12,72,91.9,Yes,Change-related issue,Application Error,ERP Platform,Mexico City,Self-Service Portal,Sales,Low,Low,2026-04-08 11:30,2026-04-12 07:24,19.9,2,Yes,No,Rollback completed,April 2026,2,Wednesday
INC1080,P4,Application,2026-04-08,2026-04-12,72,107.8,Yes,Change-related issue,Deployment Defect,CRM Portal,Remote,Monitoring,Sales,Low,Medium,2026-04-08 11:50,2026-04-12 23:38,35.8,1,Yes,No,Rollback completed,April 2026,2,Wednesday
INC1044,P2,Infrastructure,2026-04-08,2026-04-09,8,16.4,Yes,Monitoring gap,Backup Failure,Storage Platform,Toronto,Phone,Finance,High,High,2026-04-08 13:35,2026-04-09 05:59,8.4,2,Yes,No,Monitoring rule updated,April 2026,2,Wednesday
INC1074,P4,Service Desk,2026-04-08,2026-04-09,72,19.6,No,N/A,Account Lockout,End User Support,Remote,Chat,Retail Branches,Low,Medium,2026-04-08 13:35,2026-04-09 09:11,-52.4,0,No,No,Resolved through workaround,April 2026,2,Wednesday
INC1037,P2,Network,2026-04-08,2026-04-08,8,2.6,No,N/A,Connectivity Issue,VPN,Monterrey,Self-Service Portal,Finance,Medium,Medium,2026-04-08 14:10,2026-04-08 16:46,-5.4,1,No,No,Permanent fix applied,April 2026,2,Wednesday
INC1034,P3,Application,2026-04-08,2026-04-10,24,33.6,Yes,Vendor dependency,Application Error,ERP Platform,Toronto,Email,Internal Operations,Low,Low,2026-04-08 15:05,2026-04-10 00:41,9.6,3,Yes,No,Vendor fix implemented,April 2026,2,Wednesday
INC1028,P2,Service Desk,2026-04-09,2026-04-09,8,4.9,No,N/A,Password Reset,Password Management,Remote,Self-Service Portal,External Customers,High,Medium,2026-04-09 08:40,2026-04-09 13:34,-3.1,0,No,No,Known error matched,April 2026,2,Thursday
INC1124,P2,Workplace,2026-04-09,2026-04-10,8,18.2,Yes,Hardware replacement delay,Email/Collaboration,Laptop/Desktop,Puebla,Email,Internal Operations,High,High,2026-04-09 12:55,2026-04-10 07:07,10.2,3,Yes,No,Hardware replaced,April 2026,2,Thursday
INC1020,P3,Application,2026-04-09,2026-04-11,24,43.1,Yes,Knowledge gap,Deployment Defect,ERP Platform,Guadalajara,Self-Service Portal,Internal Operations,Medium,Low,2026-04-09 17:15,2026-04-11 12:21,19.1,2,Yes,No,Knowledge article created,April 2026,2,Thursday
INC1035,P2,Service Desk,2026-04-09,2026-04-10,8,5.9,No,N/A,How-to Request,IT Service Portal,Monterrey,Phone,Retail Branches,High,Medium,2026-04-09 18:45,2026-04-10 00:39,-2.1,0,Yes,No,Permanent fix applied,April 2026,2,Thursday
INC1041,P4,Application,2026-04-10,2026-04-11,72,39.4,No,N/A,Application Error,CRM Portal,Mexico City,Chat,Finance,Low,Low,2026-04-10 07:15,2026-04-11 22:39,-32.6,0,No,No,User guidance provided,April 2026,2,Friday
INC1177,P2,Network,2026-04-10,2026-04-10,8,3.8,No,N/A,VPN Failure,Firewall Connectivity,Mexico City,Monitoring,External Customers,Medium,Medium,2026-04-10 10:00,2026-04-10 13:48,-4.2,0,Yes,No,Known error matched,April 2026,2,Friday
INC1178,P2,Network,2026-04-10,2026-04-10,8,11.0,Yes,Change-related issue,Latency,WAN Connectivity,Remote,Phone,Executive Users,Medium,Medium,2026-04-10 10:50,2026-04-10 21:50,3.0,1,Yes,No,Rollback completed,April 2026,2,Friday
INC1022,P2,Workplace,2026-04-10,2026-04-10,8,5.4,No,N/A,Device Issue,Laptop/Desktop,Mexico City,Monitoring,Executive Users,Medium,High,2026-04-10 14:25,2026-04-10 19:49,-2.6,0,Yes,No,Known error matched,April 2026,2,Friday
INC1180,P3,Service Desk,2026-04-10,2026-04-11,24,13.2,No,N/A,Account Lockout,End User Support,Toronto,Email,Sales,Low,Low,2026-04-10 15:15,2026-04-11 04:27,-10.8,0,No,No,Known error matched,April 2026,2,Friday
INC1049,P3,Application,2026-04-10,2026-04-11,24,12.6,No,N/A,Deployment Defect,Customer Mobile App,Mexico City,Phone,Internal Operations,Medium,Low,2026-04-10 16:30,2026-04-11 05:06,-11.4,0,No,No,Service restored,April 2026,2,Friday
INC1155,P2,Network,2026-04-10,2026-04-11,8,12.6,Yes,Vendor dependency,DNS Issue,Wi-Fi,Remote,Phone,Finance,Medium,High,2026-04-10 16:50,2026-04-11 05:26,4.6,3,Yes,No,Vendor fix implemented,April 2026,2,Friday
INC1048,P3,Service Desk,2026-04-10,2026-04-11,24,8.7,No,N/A,Account Lockout,End User Support,Mexico City,Monitoring,Retail Branches,Low,Medium,2026-04-10 18:30,2026-04-11 03:12,-15.3,0,No,No,Known error matched,April 2026,2,Friday
INC1033,P4,Network,2026-04-11,2026-04-14,72,64.3,No,N/A,Packet Loss,Wi-Fi,Mexico City,Chat,Retail Branches,Low,Low,2026-04-11 12:00,2026-04-14 04:18,-7.7,0,No,No,Known error matched,April 2026,2,Saturday
INC1108,P3,Application,2026-04-12,2026-04-12,24,11.7,No,N/A,Integration Failure,Billing System,Monterrey,Self-Service Portal,External Customers,Medium,Medium,2026-04-12 11:40,2026-04-12 23:22,-12.3,0,No,No,User guidance provided,April 2026,2,Sunday
INC1115,P3,Network,2026-04-12,2026-04-14,24,30.0,Yes,Vendor dependency,DNS Issue,WAN Connectivity,Remote,Self-Service Portal,Retail Branches,Medium,Low,2026-04-12 18:15,2026-04-14 00:15,6.0,1,Yes,No,Vendor fix implemented,April 2026,2,Sunday
INC1157,P4,Network,2026-04-13,2026-04-14,72,39.6,No,N/A,Connectivity Issue,WAN Connectivity,Monterrey,Monitoring,Retail Branches,Low,Low,2026-04-13 06:20,2026-04-14 21:56,-32.4,0,No,No,Permanent fix applied,April 2026,2,Monday
INC1138,P3,Application,2026-04-13,2026-04-14,24,18.5,No,N/A,Application Error,Reporting Platform,Toronto,Self-Service Portal,Retail Branches,Low,Low,2026-04-13 08:40,2026-04-14 03:10,-5.5,0,No,No,No fault found,April 2026,2,Monday
INC1134,P4,Application,2026-04-13,2026-04-14,72,25.0,No,N/A,Deployment Defect,ERP Platform,Remote,Email,Retail Branches,Low,Low,2026-04-13 11:20,2026-04-14 12:20,-47.0,0,No,No,Permanent fix applied,April 2026,2,Monday
INC1017,P3,Service Desk,2026-04-13,2026-04-14,24,20.7,No,N/A,Password Reset,Password Management,Mexico City,Phone,Internal Operations,Low,Low,2026-04-13 11:45,2026-04-14 08:27,-3.3,0,No,No,Configuration corrected,April 2026,2,Monday
INC1093,P3,Workplace,2026-04-13,2026-04-14,24,19.3,No,N/A,Endpoint Performance,Microsoft 365,Mexico City,Phone,Internal Operations,Low,Low,2026-04-13 12:35,2026-04-14 07:53,-4.7,0,No,No,Permanent fix applied,April 2026,2,Monday
INC1051,P3,Service Desk,2026-04-13,2026-04-13,24,9.9,No,N/A,Account Lockout,IT Service Portal,Guadalajara,Phone,Executive Users,Low,Medium,2026-04-13 13:15,2026-04-13 23:09,-14.1,0,No,No,Known error matched,April 2026,2,Monday
INC1078,P3,Service Desk,2026-04-13,2026-04-14,24,19.3,No,N/A,Access Issue,IT Service Portal,Remote,Phone,External Customers,Low,Medium,2026-04-13 19:45,2026-04-14 15:03,-4.7,0,No,No,Permanent fix applied,April 2026,2,Monday
INC1154,P2,Service Desk,2026-04-14,2026-04-14,8,14.1,Yes,Pending user confirmation,How-to Request,End User Support,Remote,Monitoring,Sales,Medium,Medium,2026-04-14 08:20,2026-04-14 22:26,6.1,3,Yes,No,Closed after user confirmation,April 2026,2,Tuesday
INC1161,P2,Network,2026-04-14,2026-04-14,8,1.6,No,N/A,Connectivity Issue,Firewall Connectivity,Mexico City,Self-Service Portal,Retail Branches,High,Medium,2026-04-14 10:50,2026-04-14 12:26,-6.4,0,No,No,Known error matched,April 2026,2,Tuesday
INC1099,P2,Network,2026-04-14,2026-04-15,8,14.4,Yes,Change-related issue,VPN Failure,VPN,Guadalajara,Email,External Customers,Medium,Medium,2026-04-14 14:25,2026-04-15 04:49,6.4,2,Yes,No,Rollback completed,April 2026,2,Tuesday
INC1113,P3,Service Desk,2026-04-14,2026-04-15,24,18.9,No,N/A,Account Lockout,Password Management,Guadalajara,Self-Service Portal,Finance,Low,Medium,2026-04-14 15:20,2026-04-15 10:14,-5.1,0,No,No,Permanent fix applied,April 2026,2,Tuesday
INC1043,P3,Network,2026-04-14,2026-04-15,24,9.1,No,N/A,DNS Issue,Firewall Connectivity,Remote,Monitoring,Sales,Medium,Medium,2026-04-14 15:40,2026-04-15 00:46,-14.9,0,No,No,Configuration corrected,April 2026,2,Tuesday
INC1070,P3,Network,2026-04-14,2026-04-15,24,17.4,No,N/A,Connectivity Issue,WAN Connectivity,Mexico City,Self-Service Portal,Retail Branches,Medium,Medium,2026-04-14 16:30,2026-04-15 09:54,-6.6,0,No,No,Permanent fix applied,April 2026,2,Tuesday
INC1102,P2,Network,2026-04-14,2026-04-15,8,6.7,No,N/A,Latency,VPN,Mexico City,Monitoring,Retail Branches,High,High,2026-04-14 23:45,2026-04-15 06:27,-1.3,1,No,No,Permanent fix applied,April 2026,2,Tuesday
INC1054,P4,Application,2026-04-15,2026-04-16,72,33.8,No,N/A,Performance Degradation,Billing System,Mexico City,Monitoring,Retail Branches,Low,Low,2026-04-15 07:05,2026-04-16 16:53,-38.2,0,No,No,Permanent fix applied,April 2026,3,Wednesday
INC1016,P2,Infrastructure,2026-04-15,2026-04-15,8,4.6,No,N/A,Capacity Alert,Backup Platform,Mexico City,Monitoring,Retail Branches,Medium,Medium,2026-04-15 09:30,2026-04-15 14:06,-3.4,2,Yes,No,User guidance provided,April 2026,3,Wednesday
INC1025,P4,Service Desk,2026-04-15,2026-04-17,72,56.9,No,N/A,Account Lockout,End User Support,Mexico City,Chat,External Customers,Low,Low,2026-04-15 11:10,2026-04-17 20:04,-15.1,0,No,No,Known error matched,April 2026,3,Wednesday
INC1114,P3,Infrastructure,2026-04-15,2026-04-15,24,9.0,No,N/A,Storage Latency,Backup Platform,Mexico City,Chat,Executive Users,Low,Medium,2026-04-15 12:35,2026-04-15 21:35,-15.0,0,No,No,Resolved through workaround,April 2026,3,Wednesday
INC1084,P4,Infrastructure,2026-04-15,2026-04-19,72,100.9,Yes,Capacity constraint,Server Alert,Database Services,Toronto,Chat,Internal Operations,Low,Low,2026-04-15 12:40,2026-04-19 17:34,28.9,1,Yes,No,Capacity increased,April 2026,3,Wednesday
INC1042,P4,Application,2026-04-15,2026-04-17,72,49.1,No,N/A,Data Issue,Customer Mobile App,Toronto,Self-Service Portal,Finance,Low,Low,2026-04-15 12:55,2026-04-17 14:01,-22.9,0,No,No,No fault found,April 2026,3,Wednesday
INC1169,P4,Application,2026-04-15,2026-04-18,72,58.7,No,N/A,Application Error,ERP Platform,Mexico City,Email,Retail Branches,Low,Medium,2026-04-15 14:05,2026-04-18 00:47,-13.3,0,No,No,Service restored,April 2026,3,Wednesday
INC1171,P2,Network,2026-04-15,2026-04-15,8,6.2,No,N/A,DNS Issue,Firewall Connectivity,Monterrey,Chat,Sales,High,High,2026-04-15 14:25,2026-04-15 20:37,-1.8,1,No,No,Known error matched,April 2026,3,Wednesday
INC1146,P4,Workplace,2026-04-15,2026-04-19,72,102.4,Yes,Hardware replacement delay,Email/Collaboration,Collaboration Tools,Remote,Phone,Internal Operations,Low,Medium,2026-04-15 17:25,2026-04-19 23:49,30.4,2,Yes,No,Hardware replaced,April 2026,3,Wednesday
INC1067,P3,Infrastructure,2026-04-15,2026-04-16,24,13.5,No,N/A,Storage Latency,Storage Platform,Toronto,Self-Service Portal,Retail Branches,Medium,Low,2026-04-15 18:00,2026-04-16 07:30,-10.5,0,No,No,User guidance provided,April 2026,3,Wednesday
INC1031,P1,Infrastructure,2026-04-15,2026-04-16,4,5.0,Yes,Change-related issue,Database Issue,Server Compute,Monterrey,Monitoring,Sales,High,High,2026-04-15 19:20,2026-04-16 00:20,1.0,1,Yes,Yes,Rollback completed,April 2026,3,Wednesday
INC1112,P2,Network,2026-04-15,2026-04-16,8,13.4,Yes,Change-related issue,Packet Loss,WAN Connectivity,Mexico City,Chat,External Customers,High,High,2026-04-15 19:40,2026-04-16 09:04,5.4,2,Yes,No,Rollback completed,April 2026,3,Wednesday
INC1097,P2,Application,2026-04-16,2026-04-16,8,5.2,No,N/A,Integration Failure,Reporting Platform,Mexico City,Self-Service Portal,Retail Branches,Medium,Medium,2026-04-16 00:45,2026-04-16 05:57,-2.8,0,Yes,No,User guidance provided,April 2026,3,Thursday
INC1160,P4,Infrastructure,2026-04-16,2026-04-18,72,51.9,No,N/A,Database Issue,Database Services,Puebla,Self-Service Portal,Finance,Low,Low,2026-04-16 10:40,2026-04-18 14:34,-20.1,0,No,No,Resolved through workaround,April 2026,3,Thursday
INC1060,P3,Workplace,2026-04-16,2026-04-16,24,11.2,No,N/A,Device Issue,Microsoft 365,Mexico City,Phone,Internal Operations,Medium,Low,2026-04-16 12:00,2026-04-16 23:12,-12.8,0,No,No,User guidance provided,April 2026,3,Thursday
INC1129,P1,Application,2026-04-16,2026-04-16,4,7.9,Yes,Knowledge gap,Integration Failure,Reporting Platform,Mexico City,Email,Internal Operations,High,High,2026-04-16 14:00,2026-04-16 21:54,3.9,2,Yes,Yes,Knowledge article created,April 2026,3,Thursday
INC1065,P1,Application,2026-04-16,2026-04-16,4,1.4,No,N/A,Data Issue,Billing System,Puebla,Monitoring,External Customers,High,High,2026-04-16 16:50,2026-04-16 18:14,-2.6,0,Yes,No,Resolved through workaround,April 2026,3,Thursday
INC1144,P3,Workplace,2026-04-16,2026-04-17,24,15.8,No,N/A,Software Install,Printing Services,Monterrey,Monitoring,External Customers,Low,Medium,2026-04-16 22:20,2026-04-17 14:08,-8.2,0,No,No,Permanent fix applied,April 2026,3,Thursday
INC1121,P1,Network,2026-04-17,2026-04-17,4,2.9,No,N/A,VPN Failure,Wi-Fi,Mexico City,Monitoring,Retail Branches,High,High,2026-04-17 01:35,2026-04-17 04:29,-1.1,0,Yes,No,Resolved through workaround,April 2026,3,Friday
INC1118,P2,Workplace,2026-04-17,2026-04-17,8,4.6,No,N/A,Printer Issue,Laptop/Desktop,Toronto,Monitoring,Retail Branches,Medium,High,2026-04-17 06:20,2026-04-17 10:56,-3.4,0,No,No,Service restored,April 2026,3,Friday
INC1088,P3,Network,2026-04-17,2026-04-17,24,11.7,No,N/A,Connectivity Issue,Corporate LAN,Puebla,Self-Service Portal,Internal Operations,Medium,Low,2026-04-17 09:10,2026-04-17 20:52,-12.3,0,No,No,No fault found,April 2026,3,Friday
INC1092,P2,Application,2026-04-17,2026-04-17,8,4.8,No,N/A,Application Error,Reporting Platform,Guadalajara,Email,External Customers,High,Medium,2026-04-17 11:40,2026-04-17 16:28,-3.2,0,No,No,No fault found,April 2026,3,Friday
INC1117,P1,Workplace,2026-04-17,2026-04-17,4,6.6,Yes,Hardware replacement delay,Device Issue,VDI,Guadalajara,Chat,Internal Operations,High,High,2026-04-17 16:40,2026-04-17 23:16,2.6,1,Yes,Yes,Hardware replaced,April 2026,3,Friday
INC1147,P2,Service Desk,2026-04-19,2026-04-19,8,3.3,No,N/A,Password Reset,Access Requests,Guadalajara,Email,Internal Operations,Medium,Medium,2026-04-19 03:05,2026-04-19 06:23,-4.7,1,Yes,No,Permanent fix applied,April 2026,3,Sunday
INC1040,P4,Application,2026-04-19,2026-04-21,72,47.4,No,N/A,Integration Failure,Reporting Platform,Puebla,Self-Service Portal,Finance,Low,Low,2026-04-19 14:30,2026-04-21 13:54,-24.6,0,No,No,Permanent fix applied,April 2026,3,Sunday
INC1011,P1,Infrastructure,2026-04-19,2026-04-19,4,5.4,Yes,Vendor dependency,Capacity Alert,Server Compute,Guadalajara,Monitoring,Internal Operations,High,High,2026-04-19 15:35,2026-04-19 20:59,1.4,2,Yes,Yes,Vendor fix implemented,April 2026,3,Sunday
INC1106,P2,Network,2026-04-19,2026-04-19,8,3.6,No,N/A,VPN Failure,VPN,Monterrey,Chat,Retail Branches,High,Medium,2026-04-19 17:50,2026-04-19 21:26,-4.4,0,No,No,No fault found,April 2026,3,Sunday
INC1001,P1,Network,2026-04-20,2026-04-20,4,3.5,No,N/A,VPN Failure,VPN,Puebla,Chat,Retail Branches,High,High,2026-04-20 07:10,2026-04-20 10:40,-0.5,0,No,No,Service restored,April 2026,3,Monday
INC1030,P4,Application,2026-04-20,2026-04-23,72,78.9,Yes,Change-related issue,Integration Failure,ERP Platform,Remote,Self-Service Portal,External Customers,Low,Low,2026-04-20 09:10,2026-04-23 16:04,6.9,2,Yes,No,Rollback completed,April 2026,3,Monday
INC1179,P2,Workplace,2026-04-20,2026-04-20,8,4.6,No,N/A,Email/Collaboration,Printing Services,Toronto,Phone,Internal Operations,High,Medium,2026-04-20 09:25,2026-04-20 14:01,-3.4,2,Yes,No,Service restored,April 2026,3,Monday
INC1026,P2,Network,2026-04-20,2026-04-20,8,4.4,No,N/A,DNS Issue,VPN,Toronto,Monitoring,Internal Operations,Medium,Medium,2026-04-20 10:55,2026-04-20 15:19,-3.6,0,No,No,Permanent fix applied,April 2026,3,Monday
INC1139,P3,Application,2026-04-20,2026-04-21,24,28.8,Yes,Delayed troubleshooting,Performance Degradation,Reporting Platform,Remote,Email,Internal Operations,Low,Low,2026-04-20 12:10,2026-04-21 16:58,4.8,2,Yes,No,Permanent fix applied,April 2026,3,Monday
INC1002,P2,Application,2026-04-20,2026-04-21,8,10.0,Yes,Delayed escalation,Integration Failure,ERP Platform,Toronto,Self-Service Portal,Internal Operations,Medium,High,2026-04-20 15:45,2026-04-21 01:45,2.0,1,Yes,No,Escalated and resolved,April 2026,3,Monday
INC1143,P3,Application,2026-04-20,2026-04-20,24,7.0,No,N/A,Deployment Defect,Customer Mobile App,Mexico City,Chat,Internal Operations,Medium,Low,2026-04-20 15:50,2026-04-20 22:50,-17.0,0,No,No,Configuration corrected,April 2026,3,Monday
INC1036,P2,Security,2026-04-20,2026-04-21,8,5.1,No,N/A,Security Alert,Email Security,Mexico City,Self-Service Portal,Retail Branches,Medium,Medium,2026-04-20 20:55,2026-04-21 02:01,-2.9,0,Yes,No,Configuration corrected,April 2026,3,Monday
INC1003,P3,Service Desk,2026-04-21,2026-04-23,24,30.0,Yes,High ticket volume,Misrouted Ticket,Access Requests,Puebla,Self-Service Portal,Retail Branches,Medium,Medium,2026-04-21 10:45,2026-04-22 16:45,6.0,3,Yes,No,Queue cleared,April 2026,3,Tuesday
INC1023,P3,Infrastructure,2026-04-21,2026-04-22,24,16.3,No,N/A,Backup Failure,Server Compute,Monterrey,Self-Service Portal,Internal Operations,Low,Medium,2026-04-21 11:05,2026-04-22 03:23,-7.7,0,No,No,Resolved through workaround,April 2026,3,Tuesday
INC1004,P2,Network,2026-04-21,2026-04-21,8,6.0,No,N/A,Connectivity Issue,VPN,Monterrey,Monitoring,Internal Operations,High,High,2026-04-21 16:20,2026-04-21 22:20,-2.0,0,No,No,Configuration corrected,April 2026,3,Tuesday
INC1006,P3,Workplace,2026-04-22,2026-04-23,24,20.0,No,N/A,Endpoint Performance,VDI,Puebla,Chat,External Customers,Low,Medium,2026-04-22 08:30,2026-04-23 04:30,-4.0,0,No,No,Known error matched,April 2026,4,Wednesday
INC1058,P3,Network,2026-04-22,2026-04-22,24,5.6,No,N/A,DNS Issue,VPN,Mexico City,Monitoring,Finance,Medium,Low,2026-04-22 10:55,2026-04-22 16:31,-18.4,0,No,No,Known error matched,April 2026,4,Wednesday
INC1055,P3,Service Desk,2026-04-22,2026-04-23,24,12.9,No,N/A,Access Issue,End User Support,Toronto,Chat,Internal Operations,Low,Medium,2026-04-22 11:15,2026-04-23 00:09,-11.1,0,No,No,Resolved through workaround,April 2026,4,Wednesday
INC1077,P2,Workplace,2026-04-22,2026-04-22,8,4.3,No,N/A,Printer Issue,Printing Services,Puebla,Monitoring,Retail Branches,Medium,Medium,2026-04-22 11:25,2026-04-22 15:43,-3.7,0,No,No,Permanent fix applied,April 2026,4,Wednesday
INC1050,P2,Service Desk,2026-04-22,2026-04-22,8,3.7,No,N/A,Misrouted Ticket,End User Support,Mexico City,Monitoring,Retail Branches,High,Medium,2026-04-22 11:50,2026-04-22 15:32,-4.3,1,No,No,No fault found,April 2026,4,Wednesday
INC1156,P3,Network,2026-04-22,2026-04-22,24,8.0,No,N/A,DNS Issue,Corporate LAN,Remote,Self-Service Portal,Retail Branches,Medium,Low,2026-04-22 13:05,2026-04-22 21:05,-16.0,0,No,No,Known error matched,April 2026,4,Wednesday
INC1085,P3,Service Desk,2026-04-22,2026-04-22,24,7.7,No,N/A,Access Issue,IT Service Portal,Monterrey,Monitoring,Finance,Low,Low,2026-04-22 16:00,2026-04-22 23:42,-16.3,0,No,No,Known error matched,April 2026,4,Wednesday
INC1061,P3,Workplace,2026-04-22,2026-04-23,24,17.7,No,N/A,Device Issue,Laptop/Desktop,Mexico City,Chat,Retail Branches,Low,Low,2026-04-22 18:05,2026-04-23 11:47,-6.3,0,No,No,Resolved through workaround,April 2026,4,Wednesday
INC1005,P1,Application,2026-04-22,2026-04-22,4,5.0,Yes,Vendor dependency,Integration Failure,ERP Platform,Puebla,Monitoring,Finance,High,High,2026-04-22 18:25,2026-04-22 23:25,1.0,2,Yes,Yes,Vendor fix implemented,April 2026,4,Wednesday
INC1068,P2,Workplace,2026-04-22,2026-04-22,8,3.6,No,N/A,Printer Issue,Microsoft 365,Toronto,Chat,Finance,High,Medium,2026-04-22 18:45,2026-04-22 22:21,-4.4,1,Yes,No,Known error matched,April 2026,4,Wednesday
INC1081,P3,Service Desk,2026-04-23,2026-04-24,24,37.5,Yes,Pending user confirmation,Misrouted Ticket,Password Management,Monterrey,Self-Service Portal,Retail Branches,Medium,Medium,2026-04-23 08:25,2026-04-24 21:55,13.5,2,Yes,No,Closed after user confirmation,April 2026,4,Thursday
INC1038,P4,Service Desk,2026-04-23,2026-04-25,72,42.4,No,N/A,Account Lockout,Access Requests,Remote,Email,Internal Operations,Low,Medium,2026-04-23 08:50,2026-04-25 03:14,-29.6,0,No,No,Known error matched,April 2026,4,Thursday
INC1008,P4,Workplace,2026-04-23,2026-04-25,48,44.0,No,N/A,Software Install,Laptop/Desktop,Guadalajara,Phone,Sales,Low,Medium,2026-04-23 09:25,2026-04-25 05:25,-4.0,0,No,No,Service restored,April 2026,4,Thursday
INC1148,P1,Service Desk,2026-04-23,2026-04-23,4,1.8,No,N/A,Misrouted Ticket,End User Support,Mexico City,Phone,Sales,High,High,2026-04-23 11:05,2026-04-23 12:53,-2.2,0,Yes,No,Configuration corrected,April 2026,4,Thursday
INC1015,P4,Service Desk,2026-04-23,2026-04-24,72,29.3,No,N/A,Password Reset,Knowledge Base,Monterrey,Self-Service Portal,Finance,Low,Medium,2026-04-23 12:25,2026-04-24 17:43,-42.7,0,No,No,Configuration corrected,April 2026,4,Thursday
INC1057,P2,Infrastructure,2026-04-23,2026-04-24,8,18.0,Yes,Backup window conflict,Database Issue,Backup Platform,Puebla,Monitoring,Finance,High,High,2026-04-23 12:45,2026-04-24 06:45,10.0,2,Yes,No,Backup schedule adjusted,April 2026,4,Thursday
INC1087,P1,Service Desk,2026-04-23,2026-04-23,4,2.4,No,N/A,Password Reset,Password Management,Toronto,Monitoring,Internal Operations,High,High,2026-04-23 14:30,2026-04-23 16:54,-1.6,0,Yes,No,Permanent fix applied,April 2026,4,Thursday
INC1130,P1,Application,2026-04-23,2026-04-23,4,1.7,No,N/A,Application Error,ERP Platform,Mexico City,Chat,External Customers,High,High,2026-04-23 15:05,2026-04-23 16:47,-2.3,0,Yes,No,No fault found,April 2026,4,Thursday
INC1104,P4,Network,2026-04-23,2026-04-24,72,22.7,No,N/A,VPN Failure,Firewall Connectivity,Remote,Self-Service Portal,Finance,Low,Low,2026-04-23 15:40,2026-04-24 14:22,-49.3,0,No,No,Configuration corrected,April 2026,4,Thursday
INC1127,P3,Network,2026-04-23,2026-04-24,24,15.1,No,N/A,DNS Issue,Wi-Fi,Puebla,Self-Service Portal,External Customers,Low,Medium,2026-04-23 15:45,2026-04-24 06:51,-8.9,0,No,No,Resolved through workaround,April 2026,4,Thursday
INC1159,P3,Workplace,2026-04-23,2026-04-25,24,36.9,Yes,Delayed escalation,Device Issue,Microsoft 365,Mexico City,Chat,Sales,Medium,Medium,2026-04-23 16:35,2026-04-25 05:29,12.9,1,Yes,No,Escalated and resolved,April 2026,4,Thursday
INC1007,P2,Service Desk,2026-04-23,2026-04-24,8,12.0,Yes,Incorrect assignment,Access Issue,IT Service Portal,Mexico City,Monitoring,Internal Operations,High,Medium,2026-04-23 21:35,2026-04-24 09:35,4.0,2,Yes,No,Routed to correct team,April 2026,4,Thursday
INC1009,P3,Application,2026-04-24,2026-04-26,24,28.0,Yes,Pending user confirmation,Performance Degradation,ERP Platform,Remote,Monitoring,External Customers,Low,Low,2026-04-24 08:10,2026-04-25 12:10,4.0,3,Yes,No,Closed after user confirmation,April 2026,4,Friday
INC1019,P3,Application,2026-04-24,2026-04-26,24,44.6,Yes,Change-related issue,Integration Failure,CRM Portal,Remote,Phone,Executive Users,Medium,Low,2026-04-24 08:30,2026-04-26 05:06,20.6,2,Yes,No,Rollback completed,April 2026,4,Friday
INC1107,P2,Infrastructure,2026-04-24,2026-04-24,8,4.8,No,N/A,Server Alert,Server Compute,Monterrey,Self-Service Portal,Retail Branches,Medium,Medium,2026-04-24 10:15,2026-04-24 15:03,-3.2,0,Yes,No,Configuration corrected,April 2026,4,Friday
INC1142,P3,Service Desk,2026-04-24,2026-04-25,24,15.5,No,N/A,Access Issue,End User Support,Toronto,Phone,Retail Branches,Medium,Low,2026-04-24 10:45,2026-04-25 02:15,-8.5,0,No,No,Permanent fix applied,April 2026,4,Friday
INC1069,P4,Application,2026-04-24,2026-04-26,72,42.6,No,N/A,Data Issue,CRM Portal,Toronto,Email,Retail Branches,Low,Low,2026-04-24 11:00,2026-04-26 05:36,-29.4,0,No,No,No fault found,April 2026,4,Friday
INC1172,P1,Application,2026-04-24,2026-04-24,4,5.8,Yes,Knowledge gap,Performance Degradation,Customer Mobile App,Puebla,Phone,Finance,High,High,2026-04-24 12:15,2026-04-24 18:03,1.8,2,Yes,Yes,Knowledge article created,April 2026,4,Friday
INC1053,P3,Workplace,2026-04-24,2026-04-25,24,18.8,No,N/A,Software Install,VDI,Remote,Self-Service Portal,Executive Users,Medium,Low,2026-04-24 13:50,2026-04-25 08:38,-5.2,0,No,No,Known error matched,April 2026,4,Friday
INC1010,P2,Network,2026-04-24,2026-04-25,8,9.0,Yes,Delayed troubleshooting,Packet Loss,Corporate LAN,Remote,Self-Service Portal,Sales,Medium,High,2026-04-24 20:30,2026-04-25 05:30,1.0,3,Yes,No,Permanent fix applied,April 2026,4,Friday
INC1018,P1,Network,2026-04-24,2026-04-25,4,7.8,Yes,Change-related issue,Packet Loss,Wi-Fi,Puebla,Phone,Finance,High,High,2026-04-24 23:20,2026-04-25 07:08,3.8,2,Yes,Yes,Rollback completed,April 2026,4,Friday
INC1136,P4,Workplace,2026-04-25,2026-04-26,72,32.6,No,N/A,Device Issue,Microsoft 365,Guadalajara,Self-Service Portal,Finance,Low,Medium,2026-04-25 14:00,2026-04-26 22:36,-39.4,0,No,No,Service restored,April 2026,4,Saturday
INC1083,P3,Network,2026-04-25,2026-04-25,24,5.0,No,N/A,DNS Issue,Wi-Fi,Toronto,Monitoring,Internal Operations,Low,Low,2026-04-25 14:45,2026-04-25 19:45,-19.0,0,No,No,Permanent fix applied,April 2026,4,Saturday
INC1111,P3,Service Desk,2026-04-25,2026-04-26,24,13.8,No,N/A,Account Lockout,IT Service Portal,Monterrey,Monitoring,Sales,Low,Medium,2026-04-25 17:05,2026-04-26 06:53,-10.2,0,No,No,No fault found,April 2026,4,Saturday
INC1073,P4,Workplace,2026-04-25,2026-04-28,72,62.1,No,N/A,Device Issue,Laptop/Desktop,Puebla,Self-Service Portal,Internal Operations,Low,Medium,2026-04-25 17:35,2026-04-28 07:41,-9.9,0,No,No,Permanent fix applied,April 2026,4,Saturday
INC1039,P1,Service Desk,2026-04-26,2026-04-26,4,1.7,No,N/A,Password Reset,Access Requests,Monterrey,Monitoring,Retail Branches,High,High,2026-04-26 13:05,2026-04-26 14:47,-2.3,0,Yes,No,Configuration corrected,April 2026,4,Sunday
INC1125,P3,Service Desk,2026-04-26,2026-04-27,24,12.1,No,N/A,Account Lockout,End User Support,Mexico City,Self-Service Portal,Finance,Low,Low,2026-04-26 18:00,2026-04-27 06:06,-11.9,0,No,No,Permanent fix applied,April 2026,4,Sunday
INC1089,P2,Service Desk,2026-04-26,2026-04-26,8,3.0,No,N/A,Password Reset,End User Support,Monterrey,Self-Service Portal,Executive Users,High,Medium,2026-04-26 19:10,2026-04-26 22:10,-5.0,0,No,No,No fault found,April 2026,4,Sunday
INC1076,P2,Service Desk,2026-04-26,2026-04-27,8,3.1,No,N/A,Access Issue,End User Support,Monterrey,Monitoring,Internal Operations,Medium,Medium,2026-04-26 21:30,2026-04-27 00:36,-4.9,1,No,No,Permanent fix applied,April 2026,4,Sunday
INC1072,P4,Service Desk,2026-04-27,2026-05-01,72,95.9,Yes,High ticket volume,Access Issue,Access Requests,Puebla,Chat,Internal Operations,Low,Medium,2026-04-27 07:50,2026-05-01 07:44,23.9,2,Yes,No,Queue cleared,April 2026,4,Monday
INC1079,P3,Application,2026-04-27,2026-04-28,24,37.4,Yes,Vendor dependency,Data Issue,CRM Portal,Guadalajara,Chat,External Customers,Medium,Low,2026-04-27 08:50,2026-04-28 22:14,13.4,3,Yes,No,Vendor fix implemented,April 2026,4,Monday
INC1110,P3,Security,2026-04-27,2026-04-28,24,19.6,No,N/A,Phishing Report,SIEM Monitoring,Mexico City,Email,External Customers,Medium,Medium,2026-04-27 09:00,2026-04-28 04:36,-4.4,0,No,No,Resolved through workaround,April 2026,4,Monday
INC1091,P3,Service Desk,2026-04-27,2026-04-29,24,37.9,Yes,Delayed escalation,Misrouted Ticket,Password Management,Mexico City,Monitoring,Finance,Low,Low,2026-04-27 11:55,2026-04-29 01:49,13.9,3,Yes,No,Escalated and resolved,April 2026,4,Monday
INC1123,P2,Workplace,2026-04-27,2026-04-27,8,4.7,No,N/A,Device Issue,Microsoft 365,Mexico City,Chat,Internal Operations,High,Medium,2026-04-27 13:35,2026-04-27 18:17,-3.3,0,Yes,No,Configuration corrected,April 2026,4,Monday
INC1063,P4,Service Desk,2026-04-27,2026-04-28,72,31.3,No,N/A,How-to Request,Password Management,Mexico City,Email,Internal Operations,Low,Low,2026-04-27 15:40,2026-04-28 22:58,-40.7,0,No,No,Service restored,April 2026,4,Monday
INC1158,P3,Application,2026-04-27,2026-04-28,24,13.9,No,N/A,Data Issue,CRM Portal,Monterrey,Monitoring,Internal Operations,Medium,Low,2026-04-27 16:30,2026-04-28 06:24,-10.1,0,No,No,Resolved through workaround,April 2026,4,Monday
INC1047,P3,Workplace,2026-04-27,2026-04-28,24,12.2,No,N/A,Email/Collaboration,Microsoft 365,Puebla,Phone,Sales,Low,Low,2026-04-27 18:40,2026-04-28 06:52,-11.8,0,No,No,Permanent fix applied,April 2026,4,Monday
INC1075,P2,Service Desk,2026-04-27,2026-04-28,8,13.0,Yes,Knowledge gap,Password Reset,Access Requests,Guadalajara,Chat,Executive Users,High,High,2026-04-27 21:10,2026-04-28 10:10,5.0,1,Yes,No,Knowledge article created,April 2026,4,Monday
INC1046,P2,Infrastructure,2026-04-27,2026-04-28,8,5.5,No,N/A,Backup Failure,Backup Platform,Remote,Phone,Internal Operations,Medium,Medium,2026-04-27 21:45,2026-04-28 03:15,-2.5,0,Yes,No,Permanent fix applied,April 2026,4,Monday
INC1029,P2,Application,2026-04-28,2026-04-28,8,3.9,No,N/A,Deployment Defect,CRM Portal,Remote,Self-Service Portal,Finance,High,High,2026-04-28 06:15,2026-04-28 10:09,-4.1,0,No,No,Permanent fix applied,April 2026,4,Tuesday
INC1013,P3,Workplace,2026-04-28,2026-04-28,24,16.0,No,N/A,Software Install,Printing Services,Guadalajara,Monitoring,External Customers,Low,Medium,2026-04-28 06:40,2026-04-28 22:40,-8.0,0,No,No,Configuration corrected,April 2026,4,Tuesday
INC1145,P3,Network,2026-04-28,2026-04-29,24,18.3,No,N/A,Latency,Firewall Connectivity,Puebla,Self-Service Portal,Sales,Low,Medium,2026-04-28 09:00,2026-04-29 03:18,-5.7,0,No,No,No fault found,April 2026,4,Tuesday
INC1176,P2,Application,2026-04-28,2026-04-28,8,4.2,No,N/A,Application Error,Reporting Platform,Puebla,Email,Sales,High,Medium,2026-04-28 10:10,2026-04-28 14:22,-3.8,1,Yes,No,Configuration corrected,April 2026,4,Tuesday
INC1024,P3,Service Desk,2026-04-28,2026-04-30,24,39.5,Yes,Knowledge gap,Account Lockout,Knowledge Base,Mexico City,Self-Service Portal,Finance,Medium,Low,2026-04-28 10:15,2026-04-30 01:45,15.5,2,Yes,No,Knowledge article created,April 2026,4,Tuesday
INC1096,P4,Service Desk,2026-04-28,2026-05-02,72,90.1,Yes,Knowledge gap,Misrouted Ticket,End User Support,Mexico City,Chat,Retail Branches,Low,Low,2026-04-28 11:35,2026-05-02 05:41,18.1,3,Yes,No,Knowledge article created,April 2026,4,Tuesday
INC1119,P3,Network,2026-04-28,2026-04-29,24,16.5,No,N/A,Packet Loss,VPN,Monterrey,Self-Service Portal,Executive Users,Medium,Medium,2026-04-28 11:55,2026-04-29 04:25,-7.5,0,No,No,User guidance provided,April 2026,4,Tuesday
INC1173,P3,Service Desk,2026-04-28,2026-04-28,24,10.4,No,N/A,Misrouted Ticket,End User Support,Remote,Self-Service Portal,Sales,Medium,Medium,2026-04-28 11:55,2026-04-28 22:19,-13.6,0,No,No,Service restored,April 2026,4,Tuesday
INC1014,P3,Service Desk,2026-04-28,2026-04-29,24,20.6,No,N/A,Access Issue,End User Support,Guadalajara,Chat,Retail Branches,Low,Low,2026-04-28 15:50,2026-04-29 12:26,-3.4,0,No,No,Service restored,April 2026,4,Tuesday
INC1164,P3,Network,2026-04-28,2026-04-29,24,13.2,No,N/A,DNS Issue,Corporate LAN,Remote,Email,External Customers,Medium,Medium,2026-04-28 16:45,2026-04-29 05:57,-10.8,0,No,No,No fault found,April 2026,4,Tuesday
INC1095,P3,Application,2026-04-28,2026-04-29,24,7.9,No,N/A,Application Error,CRM Portal,Monterrey,Email,Finance,Medium,Medium,2026-04-28 16:50,2026-04-29 00:44,-16.1,0,No,No,User guidance provided,April 2026,4,Tuesday
INC1141,P2,Workplace,2026-04-28,2026-04-28,8,4.4,No,N/A,Email/Collaboration,Collaboration Tools,Guadalajara,Self-Service Portal,Internal Operations,High,High,2026-04-28 17:55,2026-04-28 22:19,-3.6,2,Yes,No,Service restored,April 2026,4,Tuesday
INC1175,P4,Application,2026-04-28,2026-04-30,72,50.3,No,N/A,Data Issue,Customer Mobile App,Toronto,Self-Service Portal,Internal Operations,Low,Medium,2026-04-28 18:25,2026-04-30 20:43,-21.7,0,No,No,Resolved through workaround,April 2026,4,Tuesday
INC1090,P2,Application,2026-04-29,2026-04-30,8,18.5,Yes,Vendor dependency,Performance Degradation,CRM Portal,Mexico City,Monitoring,Finance,Medium,Medium,2026-04-29 12:00,2026-04-30 06:30,10.5,2,Yes,No,Vendor fix implemented,April 2026,5,Wednesday
INC1062,P3,Service Desk,2026-04-29,2026-04-30,24,11.5,No,N/A,How-to Request,Knowledge Base,Guadalajara,Chat,Executive Users,Low,Low,2026-04-29 15:00,2026-04-30 02:30,-12.5,0,No,No,Configuration corrected,April 2026,5,Wednesday
INC1168,P2,Application,2026-04-29,2026-04-30,8,11.3,Yes,Vendor dependency,Data Issue,Customer Mobile App,Mexico City,Monitoring,Finance,High,High,2026-04-29 15:25,2026-04-30 02:43,3.3,2,Yes,No,Vendor fix implemented,April 2026,5,Wednesday
INC1170,P4,Network,2026-04-29,2026-05-01,72,49.5,No,N/A,Connectivity Issue,VPN,Puebla,Self-Service Portal,Internal Operations,Low,Low,2026-04-29 18:15,2026-05-01 19:45,-22.5,0,No,No,User guidance provided,April 2026,5,Wednesday
INC1137,P2,Service Desk,2026-04-29,2026-04-29,8,3.7,No,N/A,Access Issue,IT Service Portal,Puebla,Monitoring,External Customers,High,High,2026-04-29 19:35,2026-04-29 23:17,-4.3,0,Yes,No,Permanent fix applied,April 2026,5,Wednesday
INC1098,P4,Application,2026-04-30,2026-05-01,72,32.4,No,N/A,Application Error,ERP Platform,Mexico City,Self-Service Portal,External Customers,Low,Low,2026-04-30 10:00,2026-05-01 18:24,-39.6,0,No,No,Permanent fix applied,April 2026,5,Thursday
INC1101,P4,Workplace,2026-04-30,2026-05-02,72,55.1,No,N/A,Software Install,Laptop/Desktop,Puebla,Self-Service Portal,Sales,Low,Medium,2026-04-30 13:00,2026-05-02 20:06,-16.9,0,No,No,Configuration corrected,April 2026,5,Thursday
INC1027,P3,Application,2026-04-30,2026-05-01,24,11.0,No,N/A,Performance Degradation,CRM Portal,Guadalajara,Self-Service Portal,Sales,Low,Low,2026-04-30 13:20,2026-05-01 00:20,-13.0,0,No,No,Configuration corrected,April 2026,5,Thursday
INC1151,P4,Service Desk,2026-04-30,2026-05-01,72,27.6,No,N/A,How-to Request,End User Support,Guadalajara,Phone,Internal Operations,Low,Medium,2026-04-30 16:25,2026-05-01 20:01,-44.4,0,No,No,Known error matched,April 2026,5,Thursday
INC1082,P4,Application,2026-04-30,2026-05-01,72,25.2,No,N/A,Application Error,Customer Mobile App,Toronto,Self-Service Portal,Executive Users,Low,Medium,2026-04-30 17:00,2026-05-01 18:12,-46.8,0,No,No,No fault found,April 2026,5,Thursday
INC1059,P4,Network,2026-04-30,2026-05-02,72,31.6,No,N/A,Packet Loss,VPN,Puebla,Email,External Customers,Low,Medium,2026-04-30 17:10,2026-05-02 00:46,-40.4,0,No,No,Known error matched,April 2026,5,Thursday
INC1071,P2,Workplace,2026-04-30,2026-05-01,8,3.9,No,N/A,Software Install,Printing Services,Toronto,Self-Service Portal,Internal Operations,High,Medium,2026-04-30 22:10,2026-05-01 02:04,-4.1,1,No,No,Known error matched,April 2026,5,Thursday
